collision_episode_rate,collision_free_success_rate,command_acc_rms_mean_mps2,command_active_fraction_mean,command_jerk_p95_mean_mps3,experiment,maze_type,min_clearance_mean_m,n,path_efficiency_mean,role,scenario,timeout_penalized_time_mean_s,turn_response_penalized_mean_s
0.0,0.6,3.307780780826744,0.9961777252662498,17.935619802361515,inner_topk3,1,0.5130099773406982,10,0.650664296508818,baseline,straight,11.710280000000001,0.7209519999999999
0.0,0.6,3.097122174337472,0.9996884735202493,15.216457088773916,inner_topk3,2,0.6589643135666847,10,0.6968786530904477,baseline,straight,11.29712,2.033823
0.0,0.2,3.2851692237154757,0.997590145882311,18.394432091626022,inner_topk3,5,0.4108888290822506,10,0.46450539883065184,baseline,straight,16.88469,2.763548
0.0,0.8,2.961221668774914,0.9681706869742955,15.610565253122465,inner_topk3,7,0.8722073793411255,10,0.6578750201102977,baseline,straight,10.86007,1.2840859999999998
0.0,0.55,3.1628234619136513,0.9904067579107764,16.78926855897098,inner_topk3,all,0.6137676248326898,40,0.6174808421350538,baseline,straight,12.688039999999999,1.70060225
0.0,0.5,3.6518182132538906,0.9898285714285715,17.42124264213885,inner_topk3,1,0.5403563857078553,10,0.3775856293509149,baseline,dynamic,12.936377038900165,5.105066403400317
0.0,0.8,3.4350156236243565,1.0,14.609186418714023,inner_topk3,2,1.2569536924362184,10,0.6507096307671668,baseline,dynamic,7.190313667999985,5.74073608610009
0.0,0.3,3.445109441163068,1.0,18.624899417548214,inner_topk3,5,0.6530790448188781,10,0.32248313188921585,baseline,dynamic,15.555549453499783,1.629651566799902
0.0,0.2,3.2215662820678554,0.8964571428571428,15.2867316321805,inner_topk3,7,0.7106600403785706,10,0.3705408248970421,baseline,dynamic,15.546494603099779,6.911441827399708
0.0,0.45,3.4383773900272927,0.9715714285714286,16.4855150276454,inner_topk3,all,0.7902622908353806,40,0.4303298042260849,baseline,dynamic,12.807183690874927,4.846723970925003
0.0,0.55,3.479799497040317,0.9930031483474107,17.67843122225018,inner_topk3,1,0.5266831815242767,20,0.5141249629298665,baseline,all,12.323328519450083,2.9130092017001585
0.0,0.7,3.2660688989809143,0.9998442367601246,14.912821753743973,inner_topk3,2,0.9579590030014515,20,0.6737941419288074,baseline,all,9.243716833999992,3.8872795430500444
0.0,0.25,3.365139332439272,0.9987950729411554,18.509665754587118,inner_topk3,5,0.5319839369505643,20,0.3934942653599338,baseline,all,16.220119726749893,2.196599783399951
0.0,0.5,3.091393975421385,0.9323139149157191,15.448648442651484,inner_topk3,7,0.7914337098598481,20,0.51420792250367,baseline,all,13.20328230154989,4.097763913699853
0.0,0.5,3.3006004259704715,0.9809890932411024,16.63739179330819,inner_topk3,all,0.7020149578340351,80,0.5239053231805694,baseline,all,12.747611845437463,3.273663110462502
0.0,0.7,3.270225946767988,0.9950798405070322,16.661826662301173,inner_topk3,1,0.44078099727630615,10,0.5956258383664058,variant,straight,13.63974,0.9551440000000001
0.0,0.4,2.917229134432477,0.9886892835752727,13.552309402025973,inner_topk3,2,0.5972710266709328,10,0.528973195889576,variant,straight,14.921629999999999,9.070854
0.0,0.0,2.9924580642901475,0.9974893448869568,15.671223404258239,inner_topk3,5,0.4550413146615028,10,0.32318646449055743,variant,straight,20.0,8.432759
0.0,0.7,2.958908080738009,0.9513427112019865,15.067895483426131,inner_topk3,7,0.7444485783576965,10,0.551528751227762,variant,straight,13.85464,1.306116
0.0,0.45,3.0347053065571554,0.983150295042812,15.238313738002878,inner_topk3,all,0.5593854792416095,40,0.4998285624935754,variant,straight,15.604002500000002,4.94121825
0.1,0.1,3.49433553643109,0.930088612836439,17.76034610428873,inner_topk3,1,0.44316563606262205,10,0.30511393932053626,variant,dynamic,16.715931403400315,7.890122647000302
0.0,0.9,3.100722599620736,0.9954705399863295,15.594273077106596,inner_topk3,2,1.0553240954875946,10,0.6644308009774613,variant,dynamic,7.552366856099967,2.627856742199987
0.0,0.1,3.4830620522985862,1.0,18.206123895784184,inner_topk3,5,0.508278702199459,10,0.22968723609185,variant,dynamic,16.78410822999995,13.295331566799902
0.0,0.4,3.1384386627327574,0.9531496961823744,14.60821553179942,inner_topk3,7,0.7665314197540283,10,0.37986325182578806,variant,dynamic,13.461112957999912,4.613950827399709
0.025,0.375,3.3041397127707923,0.9696772122512858,16.542239652244735,inner_topk3,all,0.693324963375926,40,0.39477380705390896,variant,dynamic,13.628379861875038,7.106815445849975
0.05,0.4,3.3822807415995397,0.9625842266717356,17.21108638329495,inner_topk3,1,0.4419733166694641,20,0.4503698888434712,variant,all,15.177835701700158,4.4226333235001505
0.0,0.65,3.0089758670266056,0.9920799117808009,14.573291239566284,inner_topk3,2,0.8262975610792637,20,0.5967019984335187,variant,all,11.236998428049983,5.849355371099994
0.0,0.05,3.2377600582943664,0.9987446724434786,16.938673650021208,inner_topk3,5,0.48166000843048096,20,0.2764368502912037,variant,all,18.392054114999976,10.86404528339995
0.0,0.55,3.0486733717353838,0.9522462036921805,14.838055507612774,inner_topk3,7,0.7554899990558624,20,0.46569600152677504,variant,all,13.657876478999958,2.9600334136998545
0.0125,0.4125,3.169422509663974,0.976413753647049,15.890276695123806,inner_topk3,all,0.6263552213087678,80,0.44730118477374214,variant,all,14.616191180937516,6.024016847924988
0.0,0.6,3.3143830954923343,0.9949482918404762,17.636455270469643,jerk_topk3,1,0.5157062828540802,10,0.6492272638022274,baseline,straight,11.71663,0.7239760000000001
0.0,0.6,3.0976354197113602,0.9994813278008298,15.021217484095535,jerk_topk3,2,0.6506018713116646,10,0.695905708944985,baseline,straight,11.29825,3.9306159999999997
0.0,0.2,3.3044098054336812,0.9976953907815631,17.86060425533238,jerk_topk3,5,0.42195784002542497,10,0.4619360417895204,baseline,straight,16.889879999999998,0.901554
0.0,0.8,2.961053846152997,0.9675385479046701,15.9325421240783,jerk_topk3,7,0.8898053646087647,10,0.6584228576363214,baseline,straight,10.857569999999999,1.2778180000000001
0.0,0.55,3.1693705416975932,0.9899158895818848,16.612704783493964,jerk_topk3,all,0.6195178396999836,40,0.6163729680432636,baseline,straight,12.690582500000001,1.708491
0.0,0.5,3.7224190342098558,0.9785091684434967,19.028066565617397,jerk_topk3,1,0.5338075816631317,10,0.3705782344191909,baseline,dynamic,13.291100044200117,5.741589803700029
0.0,0.8,3.4142964201700963,1.0,14.22265361231386,jerk_topk3,2,1.2336855292320252,10,0.6496205600361898,baseline,dynamic,7.203399098399925,5.74887605060002
0.1,0.4,3.5623799362851023,0.9986285714285714,18.38326210566298,jerk_topk3,5,0.6219693422317505,10,0.36600636538247217,baseline,dynamic,13.787594764799795,1.6385297490997428
0.0,0.2,3.2100437112897198,0.8482285714285714,15.111967176011934,jerk_topk3,7,0.7512159273028374,10,0.38782396765918037,baseline,dynamic,15.520511471299775,7.900231490199701
0.025,0.475,3.4772847754886937,0.9563415778251599,16.68648736490154,jerk_topk3,all,0.7851695951074362,40,0.44350728187425836,baseline,dynamic,12.450651344674903,5.257306773399874
0.0,0.55,3.518401064851095,0.9867287301419866,18.33226091804352,jerk_topk3,1,0.524756932258606,20,0.5099027491107092,baseline,all,12.50386502210006,3.2327829018500145
0.0,0.7,3.2559659199407287,0.9997406639004149,14.621935548204698,jerk_topk3,2,0.9421437002718449,20,0.6727631344905876,baseline,all,9.250824549199962,4.839746025300011
0.05,0.3,3.4333948708593915,0.9981619811050673,18.12193318049768,jerk_topk3,5,0.5219635911285877,20,0.41397120358599626,baseline,all,15.338737382399898,1.2700418745498712
0.0,0.5,3.0855487787213582,0.9078835596666208,15.522254650045117,jerk_topk3,7,0.820510645955801,20,0.523123412647751,baseline,all,13.189040735649888,4.5890247450998505
0.0125,0.5125,3.3233276585931435,0.9731287337035223,16.649596074197756,jerk_topk3,all,0.7023437174037099,80,0.529940124958761,baseline,all,12.570616922337454,3.4828988866999366
0.0,0.4,3.450928470076191,0.9849816750618354,17.172346325544535,jerk_topk3,1,0.4487140029668808,10,0.5202899875221171,variant,straight,14.713820000000002,0.7436969999999999
0.0,0.6,3.0345475769316597,0.9774737353226804,13.743402161384358,jerk_topk3,2,0.547485987842083,10,0.5451121166482835,variant,straight,14.098990000000004,8.287866
0.0,0.7,3.2611503246901123,0.997594551072812,16.63671037160027,jerk_topk3,5,0.45811024904251096,10,0.5625005770598891,variant,straight,13.4094,5.569876
0.0,0.7,3.0870719868076297,0.9765858095815645,13.463524322583336,jerk_topk3,7,0.7471144080162049,10,0.6176329210397655,variant,straight,12.043949999999999,1.3227879999999999
0.0,0.6,3.208424589626398,0.9841589427597232,15.253995795278126,jerk_topk3,all,0.5503561619669199,40,0.5613839005675137,variant,straight,13.56654,3.9810567499999996
0.0,0.3,3.659909619793369,0.944,16.861032142457656,jerk_topk3,1,0.47216812074184417,10,0.3540348309093428,variant,dynamic,14.671132938600095,6.5516629364000725
0.0,0.6,3.286978324045272,0.9957714285714285,14.370758624863532,jerk_topk3,2,1.0105861276388168,10,0.48175783502017644,variant,dynamic,10.81595104410005,5.723882965199958
0.0,0.0,3.5365008209575004,1.0,15.98880204903863,jerk_topk3,5,0.5852059900760651,10,0.20532075517145887,variant,dynamic,17.499846749099742,14.089930749099745
0.0,0.5,3.213338361867612,0.951887682055993,14.200541647711919,jerk_topk3,7,0.7405893966555596,10,0.38886903878927337,variant,dynamic,13.131568204500065,5.698349410999908
0.0,0.35,3.4241817816659377,0.9729147776568553,15.355283616017934,jerk_topk3,all,0.7021374087780714,40,0.3574956149725629,variant,dynamic,14.029624734074991,8.01595651542492
0.0,0.35,3.55541904493478,0.9644908375309177,17.016689234001095,jerk_topk3,1,0.4604410618543625,20,0.4371624092157299,variant,all,14.69247646930005,3.6476799682000354
0.0,0.6,3.1607629504884653,0.9866225819470544,14.057080393123945,jerk_topk3,2,0.7790360577404499,20,0.5134349758342298,variant,all,12.457470522050025,7.00587448259998
0.0,0.35,3.3988255728238066,0.9987972755364061,16.312756210319453,jerk_topk3,5,0.521658119559288,20,0.38391066611567404,variant,all,15.454623374549872,9.82990337454987
0.0,0.6,3.150205174337621,0.9642367458187788,13.832032985147626,jerk_topk3,7,0.7438519023358822,20,0.5032509799145195,variant,all,12.587759102250034,3.510568705499954
0.0,0.475,3.3163031856461687,0.9785368602082892,15.304639705648032,jerk_topk3,all,0.6262467853724957,80,0.4594397577700384,variant,all,13.798082367037495,5.998506632712461
0.0,0.5,3.329186672643277,0.996588661613219,18.399997092658374,corridor_calibrated,1,0.4770148903131485,10,0.6229745611946341,baseline,straight,12.734179999999999,0.725231
0.0,0.6,3.097901485358379,0.9994813278008298,14.937893988450629,corridor_calibrated,2,0.6519863680005074,10,0.6959740689997779,baseline,straight,11.2973,2.0365569999999997
0.0,0.5,3.2895273261294022,0.9925057300249291,18.413166569971064,corridor_calibrated,5,0.4015645354986191,10,0.54208290635151,baseline,straight,14.39428,1.532897
0.0,0.8,2.95637184270171,0.9656486211365616,15.579944495383277,corridor_calibrated,7,0.8681475341320037,10,0.6567961276776311,baseline,straight,10.88335,1.285443
0.0,0.6,3.168246831708192,0.988556085143885,16.832750536615837,corridor_calibrated,all,0.5996783319860697,40,0.6294569160558883,baseline,straight,12.3272775,1.395032
0.0,0.4,3.661113563173141,0.9443956043956044,18.153723769062672,corridor_calibrated,1,0.526627191901207,10,0.35861024528556185,baseline,dynamic,14.49706844009997,6.03334746269992
0.0,0.8,3.4453292283305403,1.0,14.446237660618312,corridor_calibrated,2,1.2414153933525085,10,0.6585128356549983,baseline,dynamic,7.105552688200069,5.740294089200254
0.0,0.2,3.530366226271093,1.0,19.127403115996042,corridor_calibrated,5,0.614634495973587,10,0.30061198428890934,baseline,dynamic,15.927588473300307,3.335569298700625
0.0,0.2,3.217294740948405,0.8961142857142856,15.088786850036191,corridor_calibrated,7,0.7061901718378067,10,0.37159624800270175,baseline,dynamic,15.54261034199996,6.912559383899942
0.0,0.4,3.4635259396807947,0.9601274725274725,16.704037848928305,corridor_calibrated,all,0.7722168132662773,40,0.4223328283080428,baseline,dynamic,13.268204985900075,5.505442558625186
0.0,0.45,3.495150117908209,0.9704921330044118,18.276860430860523,corridor_calibrated,1,0.5018210411071777,20,0.49079240324009793,baseline,all,13.615624220049984,3.3792892313499614
0.0,0.7,3.2716153568444604,0.9997406639004149,14.692065824534472,corridor_calibrated,2,0.9467008806765079,20,0.677243452327388,baseline,all,9.201426344100033,3.888425544600127
0.0,0.35,3.4099467762002478,0.9962528650124647,18.77028484298355,corridor_calibrated,5,0.508099515736103,20,0.4213474453202098,baseline,all,15.160934236650155,2.4342331493503124
0.0,0.5,3.086833291825058,0.9308814534254237,15.334365672709733,corridor_calibrated,7,0.7871688529849052,20,0.5141961878401664,baseline,all,13.21298017099998,4.09900119194997
0.0,0.5,3.315886385694493,0.9743417788356787,16.76839419277207,corridor_calibrated,all,0.6859475726261735,80,0.5258948721819655,baseline,all,12.797741242950037,3.450237279312593
0.0,0.5,3.324148755918569,0.5409049900080447,17.887455426630606,corridor_calibrated,1,0.48511127233505247,10,0.9038983604078494,variant,straight,12.78325,8.352959
0.0,0.3,2.926680948978609,0.5660874613306246,14.7285734756419,corridor_calibrated,2,0.6880465880036354,10,0.7712576734765665,variant,straight,15.83861,5.053872
0.0,0.2,3.3774608078132426,0.7793785769737672,18.399713463430775,corridor_calibrated,5,0.3849764332175255,10,0.5967926738661415,variant,straight,16.901519999999998,4.638223999999999
0.0,0.8,2.958901019301245,0.7751421357204228,14.08070071286382,corridor_calibrated,7,1.0939858913421632,10,0.7803009193104751,variant,straight,10.77466,4.778573
0.0,0.45,3.134974491475206,0.6653782910082149,16.166554459175856,corridor_calibrated,all,0.6630300462245942,40,0.7630624067652582,variant,straight,14.074509999999998,5.705907000000001
0.0,0.2,3.482660923307561,0.6148887300714678,18.15925924141778,corridor_calibrated,1,0.5781489700078964,10,0.5274874079696524,variant,dynamic,15.705431783299932,8.439145783299931
0.0,1.0,3.393963236156213,0.9940758737784673,14.889576284817602,corridor_calibrated,2,1.0524913251399994,10,0.6350588030951699,variant,dynamic,6.991280000000001,3.3500720892002542
0.0,0.2,3.5433176840276994,0.9798857142857142,19.242017993670583,corridor_calibrated,5,0.5525312922894955,10,0.32737458186429547,variant,dynamic,15.921668473300304,1.5886592987006254
0.0,0.2,3.2027542311055,0.7950857142857142,16.001908420117058,corridor_calibrated,7,0.7474668920040131,10,0.419999635904625,variant,dynamic,15.53577034199996,4.490595383899941
0.0,0.4,3.401622076298806,0.8459840081053411,17.016028971510387,corridor_calibrated,all,0.7326596198603511,40,0.4774801072084357,variant,dynamic,13.53853764965005,4.467118138775188
0.0,0.35,3.414727137283708,0.5778968600397564,18.042771892223275,corridor_calibrated,1,0.5316301211714745,20,0.715692884188751,variant,all,14.244340891649966,8.396052391649965
0.0,0.65,3.1862822196328335,0.7800816675545461,14.818019480739512,corridor_calibrated,2,0.8702689565718174,20,0.7031582382858682,variant,all,11.414945,4.201972044600127
0.0,0.2,3.469603516821274,0.8796321456297406,18.867660424675112,corridor_calibrated,5,0.4687538627535105,20,0.46208362786521845,variant,all,16.411594236650153,3.1134416493503125
0.0,0.5,3.0943750258591645,0.7851139250030685,15.148038328004507,corridor_calibrated,7,0.9207263916730881,20,0.60015027760755,variant,all,13.15521517099998,4.634584191949971
0.0,0.425,3.2839834359354527,0.7556811495567779,16.641260804303972,corridor_calibrated,all,0.6978448330424726,80,0.6202712569868469,variant,all,13.806523824825025,5.086512569387594
