collision_events_mean,collision_free_success_mean,command_acc_rms_mps2_mean,command_active_fraction_mean,command_jerk_p95_mps3_mean,experiment,maze_type,min_clearance_m_mean,n,path_efficiency_mean,role,scenario,timeout_penalized_s_mean,turn_response_penalized_s_mean
0.0,1.0,3.0433376602412956,1.0,20.230719020892053,geometry,1,0.35763177201151847,10,0.8336303821238642,baseline,straight,8.331669999999999,0.298901
0.0,1.0,3.6514601275097904,1.0,21.440958722452063,geometry,2,0.6595318153500557,10,0.8710938192943299,baseline,straight,6.60262,1.763257
0.2,0.8,3.188749200480742,1.0,18.635836260348846,geometry,5,0.4403136298060417,10,0.9051170288297967,baseline,straight,6.618249999999999,0.484623
0.0,1.0,3.1472680333971317,1.0,19.41162804172506,geometry,7,0.726554787158966,10,0.7481635470273951,baseline,straight,9.609219999999999,1.116394
0.05,0.95,3.2577037554072406,1.0,19.929785511354503,geometry,all,0.5460080010816455,40,0.8395011943188464,baseline,straight,7.790440000000001,0.9157937500000001
0.0,1.0,3.6536441980590313,1.0,16.231056352043623,geometry,1,0.39667226895689967,10,0.5297274998644852,baseline,dynamic,8.73001,5.950122226599236
0.1,0.9,4.022569146111165,1.0,17.70915991819568,geometry,2,0.7244460180401802,10,0.5431929279672814,baseline,dynamic,7.332890000000001,5.9750593237983445
0.2,0.8,3.889868962744983,1.0,15.237861915958955,geometry,5,0.5287484765052796,10,0.4835445846291626,baseline,dynamic,7.728579999999999,7.313068842099719
0.0,1.0,3.6034087824526977,1.0,16.35828053311115,geometry,7,0.9038902550935746,10,0.5179102848218238,baseline,dynamic,8.6403,6.600865759899158
0.075,0.925,3.7923727723419693,1.0,16.38408967982735,geometry,all,0.6384392546489834,40,0.5185938243206882,baseline,dynamic,8.107944999999999,6.459779038099114
0.0,1.0,3.348490929150164,1.0,18.230887686467838,geometry,1,0.37715202048420904,20,0.6816789409941747,baseline,all,8.530840000000001,3.124511613299618
0.05,0.95,3.837014636810477,1.0,19.57505932032387,geometry,2,0.691988916695118,20,0.7071433736308055,baseline,all,6.967755000000001,3.869158161899172
0.2,0.8,3.5393090816128634,1.0,16.9368490881539,geometry,5,0.48453105315566064,20,0.6943308067294797,baseline,all,7.1734149999999985,3.8988459210498596
0.0,1.0,3.3753384079249145,1.0,17.884954287418104,geometry,7,0.8152225211262702,20,0.6330369159246094,baseline,all,9.124759999999998,3.85862987994958
0.0625,0.9375,3.5250382638746047,1.0,18.156937595590925,geometry,all,0.5922236278653145,80,0.6790475093197674,baseline,all,7.9491925,3.6877863940495574
0.0,0.7,5.105111754211033,1.0,37.616212201152756,geometry,1,0.45523716509342194,10,0.7341048200976623,variant,straight,10.375670000000001,0.43357399999999996
0.0,0.6,4.952777243263542,1.0,35.96038961284119,geometry,2,0.48524449318647384,10,0.7070587463256117,variant,straight,11.07637,1.681226
0.0,0.4,4.8271470276208435,1.0,34.247765124148984,geometry,5,0.4522713854908943,10,0.590473471845919,variant,straight,13.794509999999999,1.427719
0.0,0.7,5.224444928051379,1.0,41.546176594566326,geometry,7,0.6715144515037537,10,0.5848741826832339,variant,straight,12.61615,1.0770620000000002
0.0,0.6,5.027370238286699,1.0,37.34263588317732,geometry,all,0.5160668738186359,40,0.6541278052381068,variant,straight,11.965675,1.1548952499999998
0.2,0.3,4.550806290169181,1.0,38.72149284764939,geometry,1,0.3994904115796089,10,0.37811371105230124,variant,dynamic,13.861371020998842,8.729581844298943
0.4,0.7,6.607429405613855,1.0,60.77159795039266,geometry,2,0.38588871955871584,10,0.46896342574051886,variant,dynamic,9.262911998298861,7.060002781098151
0.5,0.1,4.903732392844196,1.0,44.993239359440715,geometry,5,0.40373250991106036,10,0.3428163331832038,variant,dynamic,13.417221477499954,12.454393447899236
0.0,0.0,4.25703296614651,1.0,41.06209906968233,geometry,7,0.34727123454213144,10,0.25718567460363395,variant,dynamic,17.49985479429888,10.976556794298881
0.275,0.275,5.079750263693436,1.0,46.38710730679127,geometry,all,0.38409571889787913,40,0.3617697861449144,variant,dynamic,13.510339822774133,9.805133716898803
0.1,0.5,4.8279590221901065,1.0,38.16885252440107,geometry,1,0.42736378833651545,20,0.5561092655749819,variant,all,12.118520510499422,4.581577922149472
0.2,0.65,5.780103324438699,1.0,48.36599378161692,geometry,2,0.4355666063725948,20,0.5880110860330652,variant,all,10.16964099914943,4.3706143905490755
0.25,0.25,4.865439710232518,1.0,39.62050224179485,geometry,5,0.4280019477009773,20,0.4666449025145615,variant,all,13.605865738749975,6.941056223949618
0.0,0.35,4.740738947098945,1.0,41.30413783212433,geometry,7,0.5093928430229425,20,0.42102992864343386,variant,all,15.05800239714944,6.0268093971494405
0.1375,0.4375,5.053560250990067,1.0,41.8648715949843,geometry,all,0.45008129635825755,80,0.5079487956915105,variant,all,12.738007411387066,5.480014483449401
0.0,0.7,5.181540431916014,1.0,38.02203821772248,duration,1,0.488073992729187,10,0.7536297351491393,baseline,straight,9.639520000000001,0.42513100000000004
0.0,0.7,4.9530004732353445,1.0,36.20317791894936,duration,2,0.4627233773469925,10,0.7128903253125889,baseline,straight,10.88821,1.6968640000000001
0.0,0.4,4.843554055934333,1.0,34.07390197707241,duration,5,0.45475607439875604,10,0.5900697682452083,baseline,straight,13.78952,1.404271
0.0,0.6,5.159279766773614,1.0,41.472218654405054,duration,7,0.6484726577997207,10,0.5853158845677743,baseline,straight,12.658760000000001,1.081305
0.0,0.6,5.034343681964827,1.0,37.442834192037324,duration,all,0.513506525568664,40,0.6604764283186778,baseline,straight,11.744002499999999,1.15189275
0.2,0.4,4.529242639763689,1.0,38.93983982863152,duration,1,0.3941742040216923,10,0.3678773519239553,baseline,dynamic,13.788987830799204,9.803586305299
0.2,0.7,6.881888226354955,1.0,66.49830447457067,duration,2,0.40391695946455003,10,0.47182169622587944,baseline,dynamic,8.432465337300313,7.094882981400713
0.5,0.1,4.968682313202319,1.0,46.69868990480642,duration,5,0.32883284240961075,10,0.3437382812003199,baseline,dynamic,13.722357798999406,11.697699565499372
0.8,0.0,4.2377112139587165,1.0,40.17594374131746,duration,7,0.4192699193954468,10,0.26329450716276304,baseline,dynamic,17.49984131579986,9.928515315799858
0.425,0.3,5.154381098319919,1.0,48.078194487331515,duration,all,0.38654848132282493,40,0.36168295912822945,baseline,dynamic,13.360913070724695,9.631171041999735
0.1,0.55,4.855391535839852,1.0,38.480939023176994,duration,1,0.44112409837543964,20,0.5607535435365474,baseline,all,11.7142539153996,5.114358652649499
0.1,0.7,5.91744434979515,1.0,51.35074119676002,duration,2,0.43332016840577126,20,0.5923560107692343,baseline,all,9.660337668650156,4.395873490700356
0.25,0.25,4.906118184568325,1.0,40.38629594093941,duration,5,0.39179445840418337,20,0.46690402472276415,baseline,all,13.755938899499705,6.550985282749684
0.4,0.3,4.698495490366165,1.0,40.82408119786126,duration,7,0.5338712885975838,20,0.42430519586526866,baseline,all,15.07930065789993,5.50491015789993
0.2125,0.45,5.094362390142373,1.0,42.76051433968443,duration,all,0.4500275034457445,80,0.5110796937234536,baseline,all,12.552457785362346,5.391531895999867
0.0,0.6,3.3334177792509614,1.0,18.053927816088297,duration,1,0.5124130606651306,10,0.648864931058933,variant,straight,11.79138,0.727889
0.0,0.6,3.097986410276035,1.0,14.899673426344268,duration,2,0.6563555553555489,10,0.6961935462809098,variant,straight,11.310479999999998,3.9567000000000005
0.0,0.3,3.2895182099055256,1.0,17.94230541237694,duration,5,0.4153878055512905,10,0.46939045664767304,variant,straight,16.46636,4.133565
0.1,0.8,3.0298618355884868,1.0,15.442701369645738,duration,7,0.7762849688529968,10,0.6558627810093933,variant,straight,10.72784,1.293854
0.025,0.575,3.1876960587552525,1.0,16.58465200611381,duration,all,0.5901103476062417,40,0.6175779287492272,variant,straight,12.574015,2.528002
0.0,0.7,3.7320870951248653,1.0,18.377839757638178,duration,1,0.5361748814582825,10,0.39655930495956115,variant,dynamic,11.908769627098977,5.076729475898848
0.0,0.8,3.3688540203119572,1.0,14.633308493065849,duration,2,1.2369898319244386,10,0.650945097140596,variant,dynamic,7.244550464500802,5.775941272199763
0.0,0.2,3.515951664783986,1.0,18.71354758148987,duration,5,0.7092778027057648,10,0.30025449352997663,variant,dynamic,15.906197117198776,4.81230756549937
0.0,0.4,3.1721331043054373,1.0,15.367286285353524,duration,7,0.6571023687720299,10,0.3667476532283062,variant,dynamic,14.19415923600053,6.913415315799858
0.0,0.525,3.447256471131561,1.0,16.772995529386854,duration,all,0.7848862212151289,40,0.42862663721461003,variant,dynamic,12.313419111199773,5.64459840734946
0.0,0.65,3.532752437187913,1.0,18.215883786863238,duration,1,0.5242939710617065,20,0.5227121180092469,variant,all,11.850074813549488,2.902309237949424
0.0,0.7,3.2334202152939966,1.0,14.766490959705058,duration,2,0.9466726936399936,20,0.6735693217107528,variant,all,9.277515232250401,4.866320636099883
0.0,0.25,3.402734937344756,1.0,18.327926496933408,duration,5,0.5623328041285276,20,0.38482247508882483,variant,all,16.18627855859939,4.472936282749685
0.05,0.6,3.1009974699469627,1.0,15.404993827499629,duration,7,0.7166936688125134,20,0.5113052171188498,variant,all,12.460999618000265,4.10363465789993
0.0125,0.55,3.3174762649434073,1.0,16.678823767750334,duration,all,0.6874982844106853,80,0.5231022829819186,variant,all,12.443717055599887,4.08630020367473
0.0,0.6,3.3014992856329854,1.0,18.278648577741052,corridor,1,0.4976573020219803,10,0.6457407926614078,baseline,straight,11.8015,0.725795
0.0,0.6,3.097159889971155,1.0,15.235489546106603,corridor,2,0.6640576794743538,10,0.6967380635785922,baseline,straight,11.31249,2.0580499999999997
0.0,0.2,3.314102024566816,1.0,18.52162954168538,corridor,5,0.3976808421313763,10,0.46201325939290144,baseline,straight,16.88505,4.624784
0.0,0.7,3.040507798182585,1.0,15.892844477408863,corridor,7,0.7611417740583419,10,0.6290100684887416,baseline,straight,11.71354,1.2939440000000002
0.0,0.525,3.1883172495883856,1.0,16.98215303573547,corridor,all,0.5801343994215131,40,0.6083755460304108,baseline,straight,12.928145,2.1756432500000003
0.0,0.7,3.609731110006179,1.0,18.043944138858844,corridor,1,0.5339262753725051,10,0.3932179615569872,baseline,dynamic,12.05846772550028,5.675358347000978
0.0,0.8,3.3411901510521096,1.0,14.386872652408462,corridor,2,1.2410492420196533,10,0.637268757497256,baseline,dynamic,7.387734013500245,5.776770433599573
0.0,0.3,3.553184387466885,1.0,18.3598867263698,corridor,5,0.6963856875896454,10,0.34406278237318655,baseline,dynamic,14.613869894400034,4.808279211299711
0.0,0.4,3.188830688180685,1.0,15.303517226897497,corridor,7,0.6506974428892136,10,0.36485567982808786,baseline,dynamic,14.192595101498734,5.913536744998174
0.0,0.55,3.423234084176464,1.0,16.52355518613365,corridor,all,0.7805146619677543,40,0.4348512953138794,baseline,dynamic,12.063166683724825,5.543486184224609
0.0,0.65,3.455615197819582,1.0,18.161296358299946,corridor,1,0.5157917886972427,20,0.5194793771091974,baseline,all,11.92998386275014,3.200576673500489
0.0,0.7,3.2191750205116323,1.0,14.811181099257533,corridor,2,0.9525534607470035,20,0.6670034105379241,baseline,all,9.350112006750123,3.917410216799786
0.0,0.25,3.4336432060168507,1.0,18.440758134027583,corridor,5,0.5470332648605108,20,0.403038020883044,baseline,all,15.749459947200018,4.716531605649855
0.0,0.55,3.114669243181635,1.0,15.598180852153178,corridor,7,0.7059196084737778,20,0.4969328741584147,baseline,all,12.953067550749367,3.6037403724990873
0.0,0.5375,3.3057756668824254,1.0,16.75285411093456,corridor,all,0.6803245306946337,80,0.5216134206721451,baseline,all,12.495655841862412,3.859564717112305
0.0,0.6,3.305322452848307,0.9966177686899982,17.854688510994063,corridor,1,0.5012122958898544,10,0.6313931068171974,variant,straight,12.24954,0.7227060000000001
0.0,0.6,3.0976585864073845,1.0,15.179996460411397,corridor,2,0.6659491494297981,10,0.6970399750940282,variant,straight,11.3124,3.946338
0.0,0.2,3.2913226826819346,0.9977977977977976,17.766623507923686,corridor,5,0.4285823754966259,10,0.4615403372747676,variant,straight,16.882749999999998,2.752145
0.0,0.8,2.9604224422983774,0.9670980824555462,15.600596372175664,corridor,7,0.8744463443756103,10,0.6577223547394906,variant,straight,10.88231,1.2940239999999998
0.0,0.55,3.1636815410590007,0.9903784122358357,16.600476212876202,corridor,all,0.6175475412979722,40,0.6119239434813709,variant,straight,12.83175,2.17880325
0.0,0.6,3.709965093224196,0.9883428571428571,17.669277870516634,corridor,1,0.5314892023801804,10,0.4108301678161472,variant,dynamic,12.152042897701111,4.434785302401187
0.0,0.8,3.3964179797161775,1.0,14.381933080895596,corridor,2,1.251264178752899,10,0.650883095862206,variant,dynamic,7.223614013500248,5.757634433599573
0.0,0.2,3.556433833684033,1.0,18.93559618570286,corridor,5,0.6229580163955688,10,0.3008800482111335,variant,dynamic,15.90311315390004,3.3393432112997106
0.0,0.2,3.197399792253507,0.8938285714285714,15.426315431451346,corridor,7,0.715733352303505,10,0.37419641043997137,variant,dynamic,15.54795701599846,7.512135744998174
0.0,0.45,3.465054174719478,0.9705428571428572,16.60328064214161,corridor,all,0.7803611874580383,40,0.4341974305823645,variant,dynamic,12.706681770274965,5.260974673074661
0.0,0.6,3.5076437730362513,0.9924803129164277,17.76198319075535,corridor,1,0.5163507491350174,20,0.5211116373166723,variant,all,12.200791448850556,2.578745651200594
0.0,0.7,3.247038283061781,1.0,14.780964770653494,corridor,2,0.9586066640913486,20,0.6739615354781171,variant,all,9.268007006750123,4.851986216799786
0.0,0.2,3.4238782581829836,0.9988988988988989,18.351109846813273,corridor,5,0.5257701959460974,20,0.3812101927429506,variant,all,16.39293157695002,3.045744105649855
0.0,0.5,3.0789111172759425,0.930463326942059,15.51345590181351,corridor,7,0.7950898483395576,20,0.515959382589731,variant,all,13.21513350799923,4.403079872499087
0.0,0.5,3.31436785788924,0.9804606346893463,16.601878427508904,corridor,all,0.6989543643780053,80,0.5230606870318677,variant,all,12.769215885137484,3.7198889615373303
0.0,0.6,3.245682408897278,1.0,18.098905625572407,temporal,1,0.5125548660755157,10,0.6528837103407416,baseline,straight,11.797239999999999,0.7227690000000001
0.0,0.6,3.097752049402854,1.0,15.198537252324437,temporal,2,0.6512793675065041,10,0.6961612812920526,baseline,straight,11.298660000000002,2.047142
0.0,0.4,3.2729841032955966,1.0,17.856254275599277,temporal,5,0.3799848578870296,10,0.4787875486571786,baseline,straight,16.202370000000002,4.143802
0.0,0.8,3.0042466768219156,1.0,15.21424146836281,temporal,7,0.83079913854599,10,0.6570875842635078,baseline,straight,10.74973,1.278537
0.0,0.6,3.1551663096044114,1.0,16.591984655464735,temporal,all,0.5936545575037598,40,0.62123003113837,baseline,straight,12.512,2.0480625000000003
0.3,0.6,3.7090301728938484,1.0,19.132878864249882,temporal,1,0.46622044444084165,10,0.42112034115399527,baseline,dynamic,11.696625828300153,4.9380326807011174
0.0,0.8,3.36346289589678,1.0,14.779939018959695,temporal,2,1.247371244430542,10,0.642956197369128,baseline,dynamic,7.327852664900268,5.762105808799764
0.0,0.2,3.5644917983548745,1.0,18.380217802395954,temporal,5,0.6872674316167832,10,0.2946949065088025,baseline,dynamic,15.943773429899414,4.954469094998808
0.0,0.4,3.1702789017488824,1.0,15.128890972215157,temporal,7,0.673813946545124,10,0.36717445312648644,baseline,dynamic,14.185353180799448,7.900381799199728
0.075,0.5,3.451815942223596,1.0,16.855481664455176,temporal,all,0.7686682667583227,40,0.43148647453960304,baseline,dynamic,12.288401275974822,5.8887473459248545
0.15,0.6,3.477356290895564,1.0,18.615892244911144,temporal,1,0.48938765525817873,20,0.5370020257473684,baseline,all,11.746932914150076,2.830400840350559
0.0,0.7,3.2306074726498166,1.0,14.989238135642065,temporal,2,0.949325305968523,20,0.6695587393305904,baseline,all,9.313256332450134,3.904623904399881
0.0,0.3,3.4187379508252356,1.0,18.11823603899762,temporal,5,0.5336261447519064,20,0.3867412275829905,baseline,all,16.07307171494971,4.549135547499405
0.0,0.6,3.0872627892853988,1.0,15.17156622028898,temporal,7,0.7523065425455571,20,0.512131018694997,baseline,all,12.467541590399723,4.589459399599864
0.0375,0.55,3.3034911259140047,1.0,16.723733159959956,temporal,all,0.6811614121310413,80,0.5263582528389866,baseline,all,12.40020063798741,3.968404922962428
0.4,0.4,3.5589505626213254,1.0,17.303905915822465,temporal,1,0.323831707239151,10,0.45690272428724377,variant,straight,16.12775,0.772573
0.0,0.5,3.0600292773746114,1.0,13.245622475955035,temporal,2,0.6340758845210075,10,0.5191451777932021,variant,straight,14.84732,9.03872
0.0,0.4,3.2482271844791812,1.0,16.370550252692126,temporal,5,0.41767553612589836,10,0.41831916997804564,variant,straight,16.3203,2.9005840000000003
0.2,0.7,3.100642505064697,1.0,14.524214146211008,temporal,7,0.5090786248445511,10,0.6065428859929735,variant,straight,12.840609999999998,1.306475
0.15,0.5,3.2419623823849535,1.0,15.361073197670157,temporal,all,0.471165438182652,40,0.5002274895128662,variant,straight,15.033994999999999,3.5045879999999996
0.0,0.6,3.715878442877287,1.0,17.5219606756799,temporal,1,0.5193058311939239,10,0.4054381462371953,variant,dynamic,12.139412286900477,5.51171760160051
0.1,0.6,3.39470448890955,1.0,15.104400904825642,temporal,2,0.9017400979995728,10,0.4307748585355009,variant,dynamic,12.294443224800519,6.820719946399784
0.0,0.1,3.600673732578899,1.0,17.054542510019356,temporal,5,0.5251635327935219,10,0.23443737321179808,variant,dynamic,16.827239679598993,11.933883094998809
0.8,0.3,3.461704062991958,1.0,18.2710325840167,temporal,7,0.5294602766633034,10,0.352505508848753,variant,dynamic,14.39010924599988,5.256919648399332
0.225,0.4,3.5432401818394226,1.0,16.9879841686354,temporal,all,0.6189174346625805,40,0.3557889717083118,variant,dynamic,13.912801109324965,7.380810072849608
0.2,0.5,3.6374145027493063,1.0,17.412933295751184,temporal,1,0.42156876921653746,20,0.43117043526221954,variant,all,14.133581143450238,3.1421453008002547
0.05,0.55,3.22736688314208,1.0,14.175011690390338,temporal,2,0.7679079912602902,20,0.4749600181643515,variant,all,13.57088161240026,7.929719973199892
0.0,0.25,3.42445045852904,1.0,16.712546381355743,temporal,5,0.47141953445971013,20,0.32637827159492183,variant,all,16.573769839799493,7.417233547499403
0.5,0.5,3.281173284028328,1.0,16.39762336511385,temporal,7,0.5192694507539273,20,0.47952419742086316,variant,all,13.615359622999938,3.2816973241996656
0.1875,0.45,3.3926012821121887,1.0,16.17452868315278,temporal,all,0.5450414364226163,80,0.428008230610589,variant,all,14.473398054662482,5.442699036424804
