epoch,eval_acc,eval_altitude,eval_camera,eval_camera_smooth,eval_explore,eval_guide,eval_intent,eval_loss,eval_rank,eval_safety,eval_score,eval_smooth,eval_trajectory,train_acc,train_altitude,train_camera,train_camera_smooth,train_explore,train_guide,train_intent,train_loss,train_rank,train_safety,train_score,train_smooth,train_trajectory
1,57.10405,0.06217640181183815,0.010714408617466689,0.43233305110931397,0.8185985426902771,0.4192419891119003,1.2173697885513306,7.043608226776123,0.0,1.5935597665786743,0.5584414456367492,406.1316,6.398888007354737,56.675022222222225,0.06887153514060709,0.017678186640143395,0.4219219997220569,0.8360697424014409,0.437034458843867,1.2513628833558825,7.689742142910427,0.0,1.722296089829339,0.8686436360094283,432.8984,6.722453823343913
2,56.5118,0.06683591287136077,0.009793174085766077,0.4347331364631653,0.7808345644950867,0.4334195265054703,1.1855514490127563,6.854706823730469,0.0,1.5779341487884522,0.4918368938446045,377.506,6.2780735916137695,56.6298,0.06955455516907903,0.012419938701887925,0.4266723701265123,0.7966894951502482,0.4344487615055508,1.1985150598737928,7.057692655944824,0.0,1.6137023239983452,0.5794951959133148,392.66786666666667,6.389356723022461
3,57.00115,0.05663993998169899,0.00963858469054103,0.4335499342441559,0.7750126624107361,0.41088650839328766,1.1859272745132445,6.743672427368164,0.0,1.5540907503128052,0.4533190924167633,379.1584,6.206043674468994,56.925,0.068625955854853,0.011866241366664568,0.4263564574135674,0.7834579952769809,0.4211496504333284,1.189031818262736,6.901225758361816,0.0,1.5779909819285074,0.5170327042208778,388.5204888888889,6.296507100847032
4,58.85845,0.04318062888085842,0.009184783937036992,0.4338833351135254,0.768417715549469,0.3809739320039749,1.183674367904663,6.573009650421143,0.0,1.495592183303833,0.4062906413793564,387.0092,6.083266942596436,57.03138888888889,0.05793914097613759,0.011502822027852138,0.4266727080874973,0.7617235716713799,0.40431271942456565,1.1766953013737997,6.743303535037571,0.0,1.5553414603339302,0.46996160418457456,382.26666666666665,6.186335378350152
5,58.46295,0.03722532433569431,0.009325760117173195,0.43068716468811036,0.7409891984939575,0.3613295352220535,1.1663360460281371,6.480278485870361,0.0,1.4992301475524903,0.38457769017219545,387.49,6.012446193695069,57.18362222222222,0.04923934479686949,0.011132860830757353,0.42666361219618054,0.742895772351159,0.39269917131529913,1.1666653823216757,6.6176976500617135,0.0,1.538456367195977,0.4305521068970362,377.1213333333333,6.100880275556777
6,58.40315,0.03489015965759754,0.009512046912312508,0.4329096192359924,0.7072989438056946,0.39523385918140413,1.1463511812210083,6.42328829498291,0.0,1.535642901992798,0.36065237197875977,346.296,5.978675366210937,57.41567222222222,0.04385561429593298,0.010910939993460973,0.42686291303104823,0.7286449132389492,0.3822451090574265,1.1595780367745294,6.525995661248101,0.0,1.5282217306560941,0.40077952046924165,371.4168888888889,6.039364823998345
7,58.6611,0.028782592555880546,0.008760847469419242,0.4321429567337036,0.7220520897865296,0.36570115196704867,1.1568366716384888,6.324776454162597,0.0,1.4731028680801392,0.3238997651338577,373.7256,5.918533545684815,57.56202777777778,0.03997011786897977,0.010694718741956684,0.42653709246317545,0.717521996000078,0.37518667933940886,1.153657439804077,6.453975018395318,0.0,1.518982781346639,0.3777381142510308,367.2892,5.990866898345947
8,58.69935,0.027764621429145337,0.008657772978395224,0.4337535285949707,0.7104875783920288,0.3508513294219971,1.1499431074142457,6.273652583312988,0.0,1.4825485471725464,0.3091816714525223,363.534,5.882092330932617,57.764383333333335,0.03748629767662949,0.010519089462525315,0.4261923432456122,0.7117241028467814,0.36893687983618845,1.1509682453155519,6.407969214630127,0.0,1.5097443716896906,0.3628922333796819,366.8929777777778,5.960109945848253
9,59.5064,0.03075935299396515,0.008652083139121532,0.4319924228191376,0.7028004378318786,0.360789860868454,1.1453681564331055,6.332880950927734,0.0,1.498740696144104,0.33956240248680114,361.9072,5.911215531921386,57.790461111111114,0.035700610911515024,0.010355317614972591,0.4262255009704166,0.7013353786150615,0.3648745234092077,1.146032016075982,6.3618070432027185,0.0,1.5092124222225614,0.34588365427652995,361.9594666666667,5.931278931681315
10,58.607,0.022993853080272676,0.008111162138730288,0.43699820423126223,0.6948633647918702,0.35552817788124086,1.1418470485687255,6.207359495544433,0.0,1.4700459009170532,0.288784392952919,362.5376,5.836803051757813,57.92702222222222,0.03352110060983234,0.01026067037963205,0.4259918895456526,0.7014537649578518,0.36035259171326955,1.145692831908332,6.327386574808757,0.0,1.4988953457726373,0.33489117912451427,361.9656888888889,5.908075271267361
11,59.21185,0.026927159559726715,0.007961968924477696,0.44040175018310546,0.7064879279136658,0.35041609938144685,1.1513616235733033,6.312805500793457,0.0,1.4648776865005493,0.3419686830997467,382.402,5.888852611541748,58.072227777777776,0.03234821641014682,0.010167805087731943,0.42587760232289634,0.6949266887876723,0.3554073719183604,1.1426449068069457,6.299085994381374,0.0,1.4967959392547607,0.32357006765736473,362.42204444444445,5.891298678758409
12,58.8982,0.02266463818401098,0.008016976551711559,0.43659462280273437,0.6940008082389831,0.3188319787740707,1.144351618003845,6.191279286193848,0.0,1.4621657764434814,0.28440696148872374,382.3412,5.825349178314209,58.09105,0.03161595381299655,0.010027691271404425,0.42590996045536467,0.6887163127581278,0.3529510753075282,1.1398529375924005,6.271265247853597,0.0,1.496332918103536,0.31446331362459395,358.1899111111111,5.872860053507487
13,59.01435,0.023892516070604324,0.007939471542835235,0.43762458963394163,0.6843428683280944,0.3441375540018082,1.1356538202285766,6.161787370300293,0.0,1.475128019142151,0.2697224310398102,355.732,5.8105422996520995,58.20231111111111,0.03041510473854012,0.009925226100616986,0.4257204838222928,0.6894591911209954,0.3479930134190453,1.139984757783678,6.246104145558675,0.0,1.4875890041775173,0.30583783883253735,359.61213333333336,5.856557779184977
14,59.09635,0.023162867665290833,0.008033482755348086,0.43645741658210757,0.6712720748901367,0.35606657350063325,1.132575506210327,6.162131200408935,0.0,1.4566380016326905,0.27676175639629363,367.6088,5.803833851623535,58.200516666666665,0.02938359011411667,0.009863928788569239,0.4256340415212843,0.6878749069531759,0.34575034092797174,1.1393651916503906,6.225689666324191,0.0,1.483950464608934,0.29906346485614776,358.0680888888889,5.843053233252632
15,58.79465,0.021160517047345638,0.00822037447988987,0.4346547462940216,0.6824281831741333,0.3502134750127792,1.1361232460021973,6.139911469268799,0.0,1.4617639642715454,0.27190885674953463,352.3532,5.786363652038574,58.34917222222222,0.02868922313782904,0.00969407329517934,0.42555938103993735,0.6862593437512715,0.34156133122179244,1.1386502349853516,6.205996523200141,0.0,1.47999075211419,0.29143724048402575,358.38995555555556,5.831337226104736
16,58.31055,0.023408010160923004,0.008233237325772642,0.4315021602153778,0.6874246755599975,0.35056814770698547,1.1378865133285523,6.1681301940917965,0.0,1.4623045343399048,0.2746190126657486,364.024,5.812319394683838,58.26665,0.028192448255916436,0.009682682308803002,0.4252985729429457,0.6794469765239292,0.3402065882258945,1.135137102423774,6.185902478196886,0.0,1.4822510849846733,0.28459990078873104,355.48466666666667,5.8181424204508465
17,58.8187,0.022852517141401768,0.008317086769640446,0.431449294090271,0.6652021589279175,0.32968997893333435,1.1299620710372924,6.123640641784668,0.0,1.4858022680282592,0.2600741913318634,350.2096,5.782214888000488,58.36752222222222,0.027381364515754913,0.009588465065426297,0.42521818012661405,0.6793117984347873,0.33837731901539697,1.135362386194865,6.170799650404188,0.0,1.4771010441038344,0.27855228849252067,356.0276,5.809287699805366
18,58.72925,0.021577964705228804,0.007743526501953602,0.4352247139930725,0.6723769497871399,0.3237624550819397,1.1324981622695922,6.097536116027832,0.0,1.479012530708313,0.2555232049226761,343.908,5.761242136383057,58.41356666666667,0.026551076264348297,0.009491196294873952,0.4250822543515099,0.6806510305404663,0.3339032746685876,1.135969699245029,6.151170343526204,0.0,1.4695299013137817,0.272877055644989,356.75475555555556,5.795548553805881
19,58.8765,0.020256165681779386,0.008099308840185403,0.431005783700943,0.6743291677474975,0.32804905660152434,1.134353232574463,6.080850778961182,0.0,1.450560113143921,0.24798025051355363,359.3632,5.752021027374267,58.343066666666665,0.026407591331667372,0.009484675236129099,0.4248267455418905,0.6741894863446554,0.33263308551046583,1.1328472690370348,6.136139916568332,0.0,1.4737661385006375,0.2669009137524499,353.64244444444444,5.786545642513699
20,59.1406,0.020073868007957935,0.008287607587873936,0.4298930006980896,0.6829487161636353,0.3243287845373154,1.1371993129730225,6.064577629852295,0.0,1.4285009746551514,0.2375712033867836,371.774,5.74594726486206,58.308283333333335,0.025892510574228235,0.00945490300969945,0.4247210585223304,0.6744554082976447,0.3312750176721149,1.1330176346884833,6.125462685309516,0.0,1.4684320500479804,0.2626093641757965,355.79302222222225,5.780235358089871
21,58.9334,0.021513480007648467,0.008025114518404007,0.43030891585350034,0.6798034507751465,0.3167766706228256,1.1364864248275757,6.06627239074707,0.0,1.4441656885147094,0.2414517741560936,361.756,5.7442240524292,58.50685,0.025350668456819322,0.009378722245742876,0.4247457556247711,0.6752434457778931,0.32733225037786695,1.1334533253351848,6.112318347083198,0.0,1.4652110699759588,0.2573215197046598,355.54435555555557,5.7725275143093535
22,59.4595,0.021522305412590505,0.008038925857841968,0.43366333360672,0.6496757295608521,0.3364671401977539,1.1245988952636718,6.083045211029053,0.0,1.4756530582427978,0.23704026921987534,353.178,5.76487758102417,58.61391111111111,0.0253445313486788,0.009330524861729807,0.4247134084118737,0.6725414448208279,0.32555758544868896,1.1323483524746365,6.098195427364773,0.0,1.4637339716381497,0.25170238347848256,354.1711555555556,5.764124978298611
23,59.45735,0.01907686111778021,0.008012048921361566,0.4312015384674072,0.6981033298492432,0.30534260904788973,1.1460743440628052,6.045692550659179,0.0,1.4156633949279784,0.23540378444194793,370.8212,5.729584445190429,58.507527777777774,0.024971041963828936,0.009311232387191719,0.4244323947323693,0.670615807639228,0.32499861738151975,1.1314014092763265,6.086538882361518,0.0,1.4615504208458794,0.24796902437607446,353.89973333333336,5.75628253004286
24,59.3187,0.019953144471347332,0.007955834667384625,0.43150713992118833,0.6612501059532165,0.31357951006889345,1.1289885848999024,6.023935321044922,0.0,1.4547478246688843,0.21443643990755082,358.2368,5.728861135101319,58.52442777777778,0.024633413726091385,0.009243039414534967,0.4245692572328779,0.6703498309559293,0.322828117079205,1.131468884870741,6.0758473726060656,0.0,1.4591523304621379,0.24370087519486744,353.7352888888889,5.7499750263637965
25,59.4541,0.020100707039237022,0.008101102998107672,0.4319667444229126,0.6735800466537476,0.30554425184726713,1.1337728771209716,6.012299764251709,0.0,1.4427922645568847,0.21908732378482818,354.2208,5.712215212249756,58.51335,0.02446108595861329,0.009268204738613632,0.42430170789294774,0.6665955871476067,0.3213341951794095,1.1299175863901774,6.067687951405843,0.0,1.460655373764038,0.2402874917321735,353.26382222222225,5.745218787553576
26,59.54425,0.018206109911203385,0.007986416580528021,0.4310165079116821,0.6627716464996338,0.31515399191379545,1.1311451499938965,5.993625299835205,0.0,1.4414148069381714,0.2073658514738083,352.6124,5.70563413848877,58.55298333333333,0.024157944153249265,0.009160300600363148,0.42473418040805394,0.6688707433488634,0.3193073753171497,1.1306843574311998,6.0608964026557075,0.0,1.457098245747884,0.23953639114167954,352.8003111111111,5.739329274919298
27,59.115,0.01855516929477453,0.008123295347392558,0.42776561193466184,0.6666347840309143,0.31649769303798675,1.1312020227432251,5.998663941192627,0.0,1.4492753826141358,0.2156525510430336,342.9164,5.702599964141846,58.56270555555555,0.02404474662343661,0.009165913258658514,0.42407208986282346,0.6689866546207004,0.3186031455013487,1.1310352904637655,6.048884312523736,0.0,1.452528905720181,0.23404365173313352,352.8686666666667,5.732898018985324
28,59.3004,0.019229240974783898,0.00788641548268497,0.4298850827217102,0.6641310930252076,0.3173389807224274,1.130408575630188,6.034708132171631,0.0,1.457724486732483,0.22631782492399216,351.224,5.728134713745117,58.64858888888889,0.0237255072598656,0.009103221698353687,0.4243172167830997,0.6675536038080851,0.31722232580979665,1.1301407883961996,6.042631003655328,0.0,1.4530101410971747,0.2310303087208006,352.8278666666667,5.729746662055121
29,59.9163,0.0191909052118659,0.007837868738919496,0.42973832969665526,0.6774803136825561,0.29812973296642303,1.1358966716766357,5.976456425476075,0.0,1.410865930366516,0.20478601536750793,370.5976,5.691533918762207,58.75644444444445,0.02331968647175365,0.00911944056145019,0.4239561418162452,0.6713616346677145,0.3147465419239468,1.13234161468082,6.033089992014567,0.0,1.444391505686442,0.22766726418071323,354.80595555555556,5.7235904232449
30,59.0669,0.01926062066704035,0.007711175712198019,0.43250213646888735,0.6512842041969299,0.32596793546676633,1.1243326539993286,5.986684449005127,0.0,1.4519689405441285,0.2065740119934082,343.6816,5.699812763977051,58.702822222222224,0.02337087805585729,0.009121166326105594,0.4237819308757782,0.666391344886356,0.3145660754495197,1.1299974641376072,6.024428208075629,0.0,1.4477307495752971,0.225103585032622,352.08897777777776,5.717515003712972
31,59.4215,0.017291900031268598,0.008408117743954063,0.4306723464488983,0.6720407455444336,0.31271729989051816,1.1341259876251222,5.971313608551025,0.0,1.4182053714752196,0.20154486899375915,360.016,5.68835166015625,58.68498888888889,0.023243920533690187,0.009063499021695719,0.42382626621988084,0.663681618086497,0.31491983791192374,1.1287058812035455,6.019426438479953,0.0,1.44951886622111,0.22184221216572655,351.6096,5.715883283233643
32,59.27255,0.01873794994354248,0.007536328367143869,0.4312450761795044,0.6500491310119629,0.31010505437850955,1.1236819458007812,5.957142754364014,0.0,1.4451190013885498,0.19481273111104966,350.0236,5.682570598602295,58.61708333333333,0.02305191883229547,0.008978476512183746,0.4240703911357456,0.6640525545226204,0.3133943547460768,1.128656823158264,6.0077329832288955,0.0,1.4454927358415393,0.2193525609612465,350.8565777777778,5.706812909105089
33,59.3817,0.020352434588968755,0.0079748534463346,0.4303558488368988,0.6418278270721436,0.330300047492981,1.1181712005615234,5.997046235656739,0.0,1.4661763069152831,0.20770939601659774,341.0948,5.708833771514892,58.650977777777776,0.022833877968622577,0.008969908053593503,0.4239893341435326,0.666159181022644,0.31336196042961545,1.1295618057250976,6.001612247721354,0.0,1.440624057621426,0.21657886499034035,351.72444444444443,5.703495159573025
34,59.7991,0.01848788906335831,0.00787681789174676,0.4291273708343506,0.6649378644943237,0.3050167570829391,1.130165760421753,5.955802097320556,0.0,1.4236397890090942,0.20203300286531448,354.1572,5.6736463417053224,58.80327222222222,0.022913960421250927,0.008949030219763517,0.42365647153324554,0.6623269142256842,0.31025437603261735,1.127932054816352,5.996971356201172,0.0,1.4444711175494724,0.21327075698243247,351.64635555555554,5.702254062567817
35,59.74645,0.018282933366298677,0.007974297910183668,0.42936783623695374,0.6506513910293579,0.3114868306398392,1.1247094814300538,5.973189933013916,0.0,1.4466592973709107,0.20343840675354005,349.5828,5.689397759246826,58.74126666666667,0.022828169747193653,0.008895616015377972,0.4239259542094337,0.6597498404608833,0.31112504506376054,1.1266308200412327,5.986965325419108,0.0,1.4443688206354777,0.2103921607600318,349.1209333333333,5.695193035973443
36,59.3069,0.0184118960916996,0.007904026934504508,0.4286266392707825,0.6398540451049805,0.32098545942306517,1.1199701217651368,5.963294458770752,0.0,1.4579962980270387,0.19778014599084853,340.2184,5.685412253570557,58.758161111111114,0.022404955075846777,0.008894988910688295,0.4239999248239729,0.662605562792884,0.3096253124978807,1.1285815260781182,5.987919219207764,0.0,1.4411694744110108,0.20989671476417118,351.33506666666665,5.696632535552978
37,59.1981,0.017003942561149597,0.007784251190721988,0.4273872458457947,0.6594319974899292,0.2995867508649826,1.1275233325958252,5.928420853424072,0.0,1.4166117347717284,0.19149929789304734,361.9968,5.6572449584960935,58.74861666666666,0.022498745539453295,0.00885588028219839,0.4236649237526788,0.660695722855462,0.3095468031035529,1.1271042909622193,5.981966330973307,0.0,1.4435513302061294,0.20776501957045662,349.0299111111111,5.692939806281196
38,59.29615,0.017639627201855183,0.0077801758043467995,0.4281300374507904,0.6589532705307006,0.30385365862846375,1.1275896999359132,5.921367752075195,0.0,1.4267948913574218,0.18416312428712844,348.9436,5.657424765777588,58.76629444444445,0.0222902860565318,0.008837501650469171,0.42337960686153836,0.6623442571216159,0.30746326613956027,1.1281988420274522,5.968941970147027,0.0,1.4359916842566596,0.20412394891844857,349.6747555555556,5.683636072794596
39,60.4471,0.01858755913376808,0.007773896487802267,0.4286730812549591,0.6596940600395202,0.3004943875074387,1.1303678159713746,5.952032553863526,0.0,1.4253879751205445,0.19745684274435044,354.4872,5.674726953125,58.88371111111111,0.0222222514041596,0.008800081320189767,0.42369848097165425,0.6638033682611254,0.3067836179786258,1.1287488733079698,5.968752126566569,0.0,1.4333582853529188,0.20357298592329026,351.42657777777777,5.684024202897813
40,59.1749,0.017655651465058327,0.007560845151916146,0.4298102194786072,0.6625514838218689,0.2927423891067505,1.1303870662689208,5.931698817443848,0.0,1.4195721612930299,0.18705628298521043,363.726,5.665049322509765,58.86391111111111,0.02223287976466947,0.008765105404042536,0.4235839382012685,0.6587809830771553,0.3051444778866238,1.1265852475484213,5.961061635504828,0.0,1.437344771109687,0.19999290561411115,350.10133333333334,5.680000929429796
41,59.7071,0.01718554232418537,0.008010609136521817,0.42502019138336183,0.6852266001701355,0.28511574051380156,1.142105195426941,5.918495126342774,0.0,1.3895471796035768,0.18403699522018432,368.284,5.65468390045166,58.80402222222222,0.021941153287887573,0.008798027626176675,0.42350181216663785,0.6608219783571031,0.30523300547069976,1.1276803820292154,5.952576033952501,0.0,1.4326825952529907,0.1975156182222896,349.12395555555554,5.673939082760281
42,59.5063,0.01729873119443655,0.007935635721683503,0.42567044563293455,0.6665851532936096,0.29377608287334445,1.132764536857605,5.920950772094726,0.0,1.4113672092437743,0.18538154776096344,359.9444,5.655847376251221,58.8304,0.02199072692261802,0.008757900366435449,0.4234018738746643,0.6602847139358521,0.3044022727277544,1.1273474603229099,5.953844017876519,0.0,1.4338911251703899,0.19670847597122193,350.34835555555554,5.676109446292453
43,59.5195,0.01831888760626316,0.007800764516741037,0.4277672980308533,0.6598629169464111,0.29934321703910827,1.1276925466537475,5.9336133995056155,0.0,1.4188264764785767,0.19225935941934585,359.7964,5.661587415313721,58.78200555555556,0.022004176147778828,0.008728771113769875,0.42348933277659945,0.6582582058800591,0.30429819616741605,1.1264396157370673,5.948891893005371,0.0,1.4353886400434706,0.1954360569940673,348.4273333333333,5.672474892340766
44,59.66515,0.018251398652791975,0.007767032861709594,0.42715215101242066,0.6504975266456604,0.29585173399448395,1.1258450469970702,5.900369609832763,0.0,1.4161936408996583,0.17538325338363647,357.7248,5.645379455566406,58.736672222222225,0.02188321823494302,0.00872518191975024,0.4233995844893985,0.6572527277840509,0.3059284191581938,1.1257891094207764,5.944752713945177,0.0,1.4344218151304458,0.19310284732580185,348.4504888888889,5.670689560360379
45,59.7948,0.018899417988955974,0.007816866709291935,0.4276629283428192,0.6578605261802674,0.29986081161499023,1.1268630838394165,5.915485403442383,0.0,1.4189631980895996,0.1873915152311325,350.4588,5.648310706329346,58.92251666666667,0.021722721631162695,0.008694457730154197,0.42349565806388856,0.6593890518612332,0.30045689663887026,1.1273232032987806,5.936281286621094,0.0,1.4289047203911676,0.19044290958775414,350.40364444444447,5.664925109015571
46,59.24205,0.017664929401874543,0.007659592091292143,0.4281421555042267,0.661399484539032,0.29749860973358155,1.1273748830795287,5.903203520965576,0.0,1.4095104810714723,0.17956707388162613,360.0736,5.644095932769775,58.90547222222222,0.021813096076746783,0.008685186324020227,0.4233896616035038,0.6551268618689643,0.30027447192404005,1.1249246635860868,5.928181495666504,0.0,1.4316577907562256,0.18812886964082717,348.1779111111111,5.659173797776964
47,59.70625,0.01869791776239872,0.007794036705046892,0.42801448655128477,0.6399799748420716,0.32028380289077757,1.1204776977539062,5.973120684051514,0.0,1.4589050601959228,0.199361394405365,342.9004,5.693969030761719,58.796533333333336,0.021594988176723322,0.008663746594223712,0.42320560705396865,0.6551585132280986,0.3029427896367179,1.1247326276991103,5.929328019375271,0.0,1.4321020378536649,0.18778701137171852,347.9748,5.660732672288683
48,59.54525,0.018088326475024223,0.007722035379707813,0.42705121402740476,0.6540370519638061,0.31536246089935305,1.1256839719772338,5.929626431274414,0.0,1.4292772903442383,0.18509535887241363,346.1056,5.66502932510376,58.86447777777778,0.02129639785024855,0.008592864477303293,0.42338244270218744,0.6602666026539272,0.3013906805833181,1.1272872315512763,5.924149669816759,0.0,1.4245653300391303,0.18608822279108894,349.47755555555557,5.657368341742622
49,59.2542,0.018115956902503966,0.007839134290069341,0.42524727849960325,0.6389180492401123,0.3039525870323181,1.1215310089111328,5.897318778991699,0.0,1.43082511844635,0.16992472149133683,350.3472,5.647928695678711,58.81735555555556,0.021345458186003897,0.008583986038549079,0.423269715028339,0.6587701570828756,0.2985639608436161,1.127280583996243,5.918968174828423,0.0,1.4240638689041138,0.18372125728262795,350.3664,5.654588482750786
50,59.7666,0.01692375255227089,0.007412434737384319,0.43052943472862243,0.657470468044281,0.29342553429603574,1.127883221435547,5.88623959274292,0.0,1.4083648345947266,0.17118272049427033,357.4528,5.6356525825500485,58.86925,0.021140616895258427,0.008616610612885819,0.42327466835975647,0.6575073367542691,0.29771408207151623,1.1267200817743936,5.914089055718316,0.0,1.424014829550849,0.18136316018104554,350.33737777777776,5.6520014714558915
51,59.13665,0.017222259429097175,0.00811808621659875,0.42507710556983946,0.6503042910575867,0.30478887877464295,1.1240755319595337,5.886611196899414,0.0,1.4243811363220216,0.1698824669957161,344.4688,5.636731002807617,58.85373333333333,0.02117219635811117,0.00855313204659356,0.42328155850834315,0.6564026271184286,0.2990174361626307,1.1259005498250325,5.915439080132378,0.0,1.4271527140299478,0.18157100479602814,348.7580888888889,5.653269574737549
52,59.876,0.019343356370925904,0.008060633324086667,0.42455981945991517,0.6536061127662659,0.3128391357421875,1.1258543004989625,5.916750457000733,0.0,1.4238293073654176,0.1801407502889633,344.4024,5.656804461669922,58.854816666666665,0.021047695542209678,0.008539504922181368,0.4235459374215868,0.6575619555367364,0.2992501680692037,1.1262190815819635,5.907540288119846,0.0,1.421834928533766,0.1791297519127528,349.4070222222222,5.647799638112386
53,60.11755,0.018865819293260574,0.007854430457949639,0.4246201065540314,0.6461117367744446,0.3062553468942642,1.1226557779312134,5.901920484161377,0.0,1.4376621408462524,0.17479150030612944,335.5888,5.647727099609375,58.88506666666667,0.021167939979334673,0.008557457648631599,0.4232022522661421,0.6562237482176887,0.2978474174367057,1.1256200916714139,5.905673315938314,0.0,1.4237827474806044,0.17834724311563704,348.62697777777777,5.64673081258138
54,59.70485,0.018482978238165377,0.007571253667771816,0.4260807657718658,0.6479756479263306,0.2930020266532898,1.1233811447143556,5.8931244140625,0.0,1.4122458736419679,0.17366652939915658,363.1688,5.640403253173828,58.87906666666667,0.021044773014386495,0.008511703956955009,0.4233052091492547,0.6542033978780111,0.2978622884273529,1.124776767730713,5.901042238616943,0.0,1.4237078525543212,0.17641068835523394,348.6543555555556,5.6441123547871905
55,58.96085,0.017267615815997124,0.007788605998456478,0.4240601080417633,0.6472106565475464,0.2996180797100067,1.1226311645507812,5.896404470825195,0.0,1.4288633085250855,0.1794048132658005,347.4988,5.637813415527344,58.8369,0.021114290880825785,0.008540040713300308,0.4231282571580675,0.6535245966911316,0.2966548707935545,1.1244815730836657,5.8969575648837615,0.0,1.4242148340437146,0.17509688565598594,347.73977777777776,5.6413113616095645
56,59.8083,0.0168438556663692,0.007824442953616381,0.42633647646903994,0.6596635603904724,0.28517298316955564,1.12916602973938,5.858157331848145,0.0,1.3956139404296874,0.1621713564991951,359.7448,5.616386605072021,58.84342777777778,0.020952655952506595,0.008541177207107346,0.4231687473932902,0.6545755392074585,0.2953546715312534,1.1251798488193088,5.890932240125868,0.0,1.4209764908896552,0.17328176821867625,347.8631111111111,5.637092801920573
57,59.40035,0.016718497125804425,0.007525190595537424,0.4268676504611969,0.6552297058105468,0.29584417276382446,1.125830069923401,5.863615310668945,0.0,1.410178011894226,0.16416415370702744,349.02,5.620370627593994,58.98106111111111,0.020711152236329185,0.008471685967180464,0.42319994592136806,0.6587754119449192,0.2935169125424491,1.127312099032932,5.890510760837131,0.0,1.4160385650846694,0.17250800236993366,350.088,5.637579387749566
58,59.5955,0.018438795273005962,0.007422208184748888,0.42879706382751465,0.6621160966873169,0.2882037187576294,1.1299233493804932,5.871759299468994,0.0,1.3981127466201781,0.16734991471767424,358.4988,5.625245394897461,58.97448888888889,0.02067815799713135,0.008502630257358154,0.42291690903769596,0.6573893308851454,0.2934192576540841,1.1266466518614027,5.8870559586419,0.0,1.4162907320446438,0.17102430322964987,349.8316888888889,5.635588854810926
59,59.0521,0.018961884219944478,0.00795987572297454,0.4246020965576172,0.6375739090919494,0.30878925886154174,1.1188159832000732,5.893203018188476,0.0,1.4353215393066405,0.16963287389278411,343.972,5.643960060119629,59.02043333333334,0.02087417378558053,0.008473809318368634,0.4231926160759396,0.6531386054780748,0.29228288973702327,1.1248267841551038,5.88331848526001,0.0,1.4200799736658731,0.16967556388643054,348.35715555555555,5.63321641108195
60,59.52265,0.016991482900083066,0.008391143289208413,0.4223652714729309,0.6509121450424195,0.2982550510644913,1.1250841995239258,5.868048654937744,0.0,1.4035857313156128,0.16199458609223366,358.0416,5.625916983795166,58.92901111111111,0.020589367222123674,0.008480563656075133,0.42314819180170693,0.6568984847810533,0.293688777396414,1.1269711672676934,5.882490034400092,0.0,1.415302721616957,0.16867523362106748,349.07484444444447,5.63338144124349
61,60.0153,0.016720956267416476,0.007718180543929338,0.42382649817466733,0.6611130836486816,0.28942861280441284,1.1307305250167847,5.863660662841797,0.0,1.3805973552703859,0.1635325807929039,370.784,5.621117733001709,58.88079444444445,0.020471636011534268,0.008425172184656063,0.42313400146166485,0.6555845897462633,0.2939137073516846,1.1258832014507718,5.876688273790148,0.0,1.4152077128092448,0.16682151314152613,348.52213333333333,5.629546315511067
62,59.85125,0.017191396756470204,0.007747717354446649,0.42568223037719727,0.6526570691108704,0.2972453319072723,1.1272187334060668,5.846857744598388,0.0,1.396925297164917,0.15458336852192878,351.7804,5.612926607513428,58.99454444444444,0.020512606082028813,0.008428922741197878,0.423014195839564,0.6545577558517456,0.29035168305502995,1.1257182684368556,5.873463789028592,0.0,1.4163619994905259,0.16555931471718682,348.46884444444447,5.627594500223796
63,59.2838,0.019122442185878753,0.00769622833058238,0.42570167961120603,0.638906237411499,0.3111237107038498,1.1183824935913087,5.887456866455078,0.0,1.4396854654312135,0.17214817126989365,332.6536,5.6360609939575195,58.93812222222222,0.020612936605513096,0.008483847464538282,0.42315575053426957,0.6546912285804749,0.29019958935843576,1.1256309384451972,5.869211897616916,0.0,1.4129599545796712,0.16512306405968136,349.256,5.623647768825955
64,60.47575,0.017315972067415714,0.007549902041256428,0.42748799486160277,0.6630165455818177,0.28047488489151,1.1324795261383056,5.852735444641113,0.0,1.381053318977356,0.162529301571846,364.5372,5.610983137512207,58.904922222222226,0.02068148402472337,0.008421322607994079,0.42305279418627423,0.650122945160336,0.2911041518025928,1.1235370619455973,5.866942912546794,0.0,1.417215956963433,0.16362956283622318,348.0276,5.62301278245714
65,58.9552,0.01865818704366684,0.008146181067079306,0.42738475651741026,0.6464593034744263,0.3018765337944031,1.1213537292480469,5.865097016143799,0.0,1.4215539842605591,0.1590507141828537,344.8084,5.625646224212646,58.99807777777778,0.020489563581844172,0.008423832724160618,0.4230462358951569,0.6540623424424066,0.28912829474343194,1.125229978582594,5.861543229844835,0.0,1.412118941370646,0.1617298351989852,348.6167111111111,5.6195087918599445
66,59.89135,0.01711733168810606,0.007725634968280792,0.4266701783180237,0.6488352574348449,0.29697307965755465,1.1234209394454957,5.854151023101807,0.0,1.4058252557754516,0.15640540962219238,352.972,5.618293817901612,58.906166666666664,0.020269963162806298,0.008397882963303063,0.42298994413481816,0.6543577092276679,0.29089728689988453,1.12557622434828,5.863849455176459,0.0,1.4125352139790852,0.161179032670127,349.09191111111113,5.622426166703966
67,60.0105,0.018062188126146794,0.007650907177478075,0.4271958249092102,0.6631427351951599,0.28187893850803375,1.1289523735046387,5.862027861022949,0.0,1.3977961729049682,0.16888427780866622,355.49,5.613762387847901,59.06627777777778,0.02015793699092335,0.008406102607564794,0.42299741127226087,0.6583599174817403,0.28803687768247394,1.127440768093533,5.855737334781223,0.0,1.4048321979310778,0.15919201804267036,350.3288888888889,5.616283498552111
68,59.25785,0.017719182100892066,0.007953628177195787,0.4224089357852936,0.6405440420150756,0.303471879696846,1.121390969467163,5.892809211730957,0.0,1.4275419115066528,0.17071250715255737,350.7016,5.642828101348877,58.994033333333334,0.020396937099761432,0.008388239052643378,0.42298899858262806,0.6541802814165751,0.28731342929469217,1.125559648323059,5.8533447216457795,0.0,1.4091164872699313,0.15852229798965983,349.01831111111113,5.614597592841254
69,59.5915,0.015991924837231636,0.00767292198985815,0.4282222830295563,0.6590351309776307,0.289508212852478,1.128399810028076,5.856772184753418,0.0,1.399462939453125,0.16009166202545166,356.9088,5.617101332855224,59.07149444444445,0.020253163627949027,0.008396193417161702,0.42291225386725534,0.6551786914613512,0.28607616194619073,1.126296516778734,5.85125431145562,0.0,1.4077193801879884,0.15699464758899476,349.4784888888889,5.61403043729994
70,58.9891,0.01598445529192686,0.007658278079703451,0.4256669915676117,0.6377392525672912,0.29433529443740847,1.119224906539917,5.84963310546875,0.0,1.4163955673217774,0.1539776660323143,356.2356,5.616488834381103,58.883811111111115,0.02029801292038626,0.008365758927414814,0.4229338434855143,0.6480436197280883,0.2897077590147654,1.122779813554552,5.852482705688477,0.0,1.4162072014278835,0.15685817019674514,346.9086222222222,5.615452942403158
71,59.1122,0.017350262278318405,0.007875087927281857,0.42430354237556456,0.6411085276603699,0.2953370314359665,1.119094211769104,5.849554821777343,0.0,1.4186680170059205,0.15456568628549575,350.2376,5.615593434906006,58.97412222222222,0.02044640824960338,0.008363124793933498,0.4230323328230116,0.647675507926941,0.2859307908243603,1.1229183742099338,5.849421252695719,0.0,1.4155476005978054,0.15516923064258364,348.43466666666666,5.614070915730794
72,59.17945,0.017064826011657715,0.007737841217964888,0.4249553496837616,0.6438432850837708,0.29808901505470276,1.1218576656341552,5.854748040771485,0.0,1.418979314994812,0.160281860601902,343.9704,5.615247204589844,59.01766666666666,0.020511764755348365,0.008376016615910663,0.4229326161702474,0.6450296211454604,0.2861906019422743,1.1215359607908462,5.848826691691081,0.0,1.419862105348375,0.15491159325573178,346.1893333333333,5.6137231710645885
73,59.76365,0.01812995282560587,0.007390660283714533,0.4292277994632721,0.6416268155097962,0.2968315488576889,1.1220658166885376,5.858185433959961,0.0,1.414831543159485,0.15760885130167007,349.2144,5.621411088562012,59.04774444444445,0.020385129253400698,0.008319756536682446,0.42310006211068896,0.6492096962081062,0.2861485895209842,1.1231114287906223,5.841707814958361,0.0,1.410819192674425,0.15365633435116874,347.8788,5.607946956634522
74,59.954,0.01721590155810118,0.007418741698935628,0.42813677859306337,0.6532908608436584,0.28222553207874296,1.1270198944091796,5.833415397644043,0.0,1.3931459354400635,0.14885689319372178,359.8576,5.605500496673584,59.0474,0.020125435716410477,0.008294920388526387,0.4230176193555196,0.6518613218307495,0.28602420377466414,1.1245102801428901,5.839685998365614,0.0,1.4079885695563423,0.15244432886441547,348.05604444444447,5.6071991839938695
75,59.6923,0.016639410448074342,0.0076418676406145095,0.42380065832138064,0.6497246399879456,0.29360785648822785,1.1268671977996827,5.835504350280762,0.0,1.3859577598571777,0.14874621821641923,363.1364,5.607904301452637,59.063433333333336,0.020097094713482592,0.008324283994237581,0.4230946389569177,0.6531691045337253,0.2842933793253369,1.1258253116607666,5.838740751647949,0.0,1.4042869484795464,0.1524509746366077,349.89222222222224,5.606177009243435
76,59.78565,0.016488652873784305,0.008297554161399602,0.42619849090576173,0.66316280002594,0.28349090597629545,1.1297459783554078,5.83271866607666,0.0,1.3853737873077392,0.1535848984003067,357.7192,5.5986088836669925,59.04492222222222,0.019869324121541448,0.008283151180297136,0.42300388980971443,0.6551579703119066,0.283972475888994,1.126607461335924,5.834885949283176,0.0,1.4031955591625638,0.15065479727453657,348.78044444444447,5.60421426264445
77,59.4341,0.01699857589006424,0.007823370539397,0.42615071601867677,0.6530848637580872,0.29025999684333803,1.126059787750244,5.846485917663574,0.0,1.3957168523788452,0.15408321788311005,360.5024,5.6128333366394045,59.03557222222222,0.020041256108548906,0.008311142663988802,0.42273863064448036,0.654079472955068,0.28391312035454647,1.1259195093578762,5.8333629185994464,0.0,1.403681104130215,0.15004078811009725,348.68853333333334,5.603289046393501
78,59.9306,0.01708027303814888,0.007948720233142376,0.4235563457489014,0.6352283836364746,0.2979612792730331,1.117791919517517,5.845347245025635,0.0,1.434715306854248,0.14853235322237016,335.3812,5.617384000396728,59.10563888888889,0.01985539621114731,0.008300103130025997,0.4231687783771091,0.6542141085094876,0.28302909247875213,1.126334091843499,5.836283654615614,0.0,1.404354402923584,0.1489787374973297,350.6308,5.607229392581516
79,59.66155,0.01708061826825142,0.00747964541092515,0.4260279898166657,0.6466499025344848,0.2947398876428604,1.1235893926620484,5.8373143608093265,0.0,1.407330702972412,0.15088099294900895,347.1884,5.6075698822021485,59.07608333333334,0.020037686623632908,0.008272775824781921,0.4230194856590695,0.6508020155906677,0.2835886795706219,1.1242161158243815,5.828749251132542,0.0,1.4081976722505358,0.14746714395814473,346.2069333333333,5.601283627319336
80,60.27235,0.017616630421578884,0.007781862080842256,0.42447710270881656,0.6398902818679809,0.2865860101222992,1.1199739978790284,5.841549855804443,0.0,1.4137148775100707,0.15365229485034942,350.4928,5.608662284851074,59.17543333333333,0.01997605318327745,0.008223939677327872,0.42308790256182355,0.654151099618276,0.2830943048450682,1.1257169529808893,5.8251603257921,0.0,1.402160001097785,0.1468400084429317,347.2668888888889,5.5984092471652565
81,59.3734,0.016345554846525192,0.007604874288290739,0.42628437728881835,0.6425270593643189,0.288776891040802,1.122560678291321,5.830456444549561,0.0,1.4115397411346435,0.1499458637356758,347.3304,5.601358164215088,59.01633888888889,0.020095450954801506,0.008245467137959268,0.42316478010283576,0.6488628461307949,0.2834395048962699,1.1232453208499484,5.826119558122423,0.0,1.4073169618394639,0.14770652927954991,347.03995555555554,5.5984473754882815
82,59.7609,0.01635559819340706,0.007763620071858168,0.42321431694030764,0.6520981789588928,0.285964377450943,1.1266737741470336,5.816154180145264,0.0,1.3911932790756225,0.14245177170634268,354.6912,5.594693012237549,59.12772777777778,0.019734334400627346,0.008263584476129876,0.42299220317734615,0.6543073919190301,0.28138629286554123,1.1261372355143229,5.825692484452989,0.0,1.4000348112106322,0.14632397637897068,350.8498666666667,5.599392501915826
83,59.3293,0.016960611754655838,0.00777169679030776,0.4246887320041656,0.6475717457771302,0.31698325626850127,1.1237621194839478,5.875747892761231,0.0,1.4069424644470214,0.1616601361632347,351.7436,5.63484105682373,59.0783,0.019931844823890262,0.008256196403710378,0.42304013680352104,0.6511952707078722,0.2826832595904668,1.12430123363071,5.816561065589057,0.0,1.401366461859809,0.1443027757750617,347.10435555555557,5.592289876217312
84,58.66405,0.017203270019590853,0.007698691947758198,0.4252600774288178,0.6383824606895446,0.3082500154256821,1.1192034006118774,5.852126125335693,0.0,1.413557629585266,0.15334032244086265,351.288,5.619599394989014,58.99786111111111,0.01998077140947183,0.008244054943571487,0.42289613483746846,0.6493414379013909,0.2847971452448103,1.123317097960578,5.820685036638048,0.0,1.4049871994230483,0.14491875163316725,346.6153777777778,5.595843748813206
85,59.704,0.016508670493215322,0.007501226748898625,0.42757563123703,0.6419252116203308,0.28941462581157684,1.1229993505477904,5.819786151123047,0.0,1.3969667835235595,0.1418478996694088,356.622,5.598799463653564,59.08294444444444,0.019979087417324383,0.00826877021168669,0.42285047864384123,0.6501091794861688,0.283060651895735,1.1233368141386244,5.818970269775391,0.0,1.4044505795796711,0.14418731358448664,347.0848,5.594817846171061
86,59.66495,0.016557789801061155,0.007530878929048777,0.42621347827911377,0.6517850319862366,0.2881461468219757,1.1267072919845582,5.822760676574707,0.0,1.3865783699035645,0.14748967024087906,358.5904,5.596277230072022,59.14182777777778,0.019922466684215597,0.008223700116160844,0.42305707587136165,0.6499086338678995,0.28062781819767424,1.12382165184021,5.815445214758979,0.0,1.4034218890508017,0.14221040667427912,347.90124444444444,5.593328843604194
87,60.02245,0.01657978649586439,0.007612005170434713,0.4271877686500549,0.6558325380325317,0.2864631361246109,1.1278362491607665,5.816845664978027,0.0,1.380849346923828,0.1449682203412056,358.914,5.592575267791748,59.14303888888889,0.019879401150842507,0.008213416498858067,0.42306457271575926,0.6498977289093866,0.2793351731856664,1.1237383257336087,5.809894471316867,0.0,1.400766212187873,0.14182293575074936,347.97488888888887,5.588185019005669
88,60.2893,0.018209418761730194,0.0072319985710084436,0.4295399733543396,0.6520362915039063,0.29215767667293546,1.125257131576538,5.829246656036377,0.0,1.3963510009765625,0.1493381516456604,347.6384,5.601013513946533,59.18228888888889,0.01964856921566857,0.008186480517685413,0.4229712073114183,0.6552670242521498,0.28071467804114025,1.1260654155095418,5.810824873860677,0.0,1.3961514959017436,0.14156375085843934,348.1804,5.5894424772474505
89,60.08365,0.016891358421742917,0.007666205307841301,0.42364788703918455,0.6497076382637024,0.28937154858112335,1.124678211402893,5.832776528930664,0.0,1.3977426137924194,0.1499860248208046,353.7064,5.603910906982422,59.113144444444444,0.019777068683670625,0.008201286964201264,0.4227616376611921,0.6503461466789245,0.27948365565670863,1.124247395515442,5.808213747236464,0.0,1.400448029030694,0.14056471420725186,347.43195555555553,5.587832211727566
90,59.5981,0.01696807878911495,0.0076081126257777215,0.42562853746414187,0.6583573207855224,0.3000812674760818,1.1266577001571656,5.84935594329834,0.0,1.4000683946609498,0.15770794003605842,347.6864,5.612587487030029,59.136922222222225,0.019590552450716496,0.008211796315179931,0.4228553243584103,0.6545722850375705,0.27843680002689364,1.1259742573632134,5.806238866509331,0.0,1.3952629137886896,0.13986542832189136,349.0632444444444,5.586521543545193
91,59.8128,0.01819996061772108,0.00766630052626133,0.4247185702800751,0.6541826577186585,0.28546040155887603,1.126688489341736,5.826315924835205,0.0,1.3850374477386476,0.14808841824531555,360.5184,5.59918710861206,59.11532777777778,0.019642949429816668,0.008187918146202962,0.42288704924053616,0.651094690905677,0.27992757704257965,1.1243443753136528,5.8063134071350095,0.0,1.398991821776496,0.1388399847825368,348.25111111111113,5.587664524586995
92,59.93225,0.016785102412104607,0.007771052210777998,0.4258232535839081,0.6466740391731263,0.28777949507236483,1.123204416847229,5.8158608985900875,0.0,1.3922258415222168,0.1430543756723404,356.1112,5.593390916442871,59.16216111111111,0.019546441218753655,0.008159684228483174,0.42296599589453804,0.6524065714624193,0.2789740637143453,1.125001999982198,5.80502006064521,0.0,1.3970305188496908,0.13852301161289216,348.89546666666666,5.586732778252496
93,59.219,0.017261279658973217,0.007570961191505194,0.42542663865089414,0.640790525341034,0.2849795109272003,1.1206504566192628,5.819355565643311,0.0,1.4085829463958741,0.14805887249708174,348.8136,5.592340774536133,59.06453888888889,0.019709972229765522,0.00819479906178183,0.42291251311832007,0.6490522786034478,0.2796354598018858,1.1231758265601264,5.804747575208876,0.0,1.4013037779278226,0.13891213295459748,347.27897777777775,5.586008967675103
94,59.0712,0.017563019611686468,0.007733865054696799,0.42408975472450255,0.634126822566986,0.28957941479682925,1.1196627067565919,5.8348689407348635,0.0,1.413284550666809,0.15130332049131393,352.154,5.604484428405762,59.05900555555556,0.019688598332802454,0.008170220130516423,0.4231426671504974,0.6485740284389919,0.27813755747742125,1.1231415755165948,5.8004560751173235,0.0,1.4006327495998807,0.137681955249442,347.0690222222222,5.582962272898357
95,59.92895,0.015699406328052282,0.007921547758579254,0.4229262939929962,0.6613688000679017,0.28028845114707945,1.1294854209899903,5.819333480834961,0.0,1.3828685329437256,0.1469947570323944,359.666,5.593056681060791,59.21843333333333,0.01967037329806222,0.008156806765579516,0.42310907226668465,0.6507335795508491,0.27787253046565585,1.1240189165327283,5.798727338239882,0.0,1.3969295197168985,0.1365619224290053,348.1192,5.582385430908203
96,58.85325,0.015437313990294934,0.007644555025547743,0.4256303162574768,0.6376697743415832,0.2939329961776733,1.120300249671936,5.824747414398193,0.0,1.4217066904067994,0.1458978134274483,340.626,5.5997159446716305,58.942544444444444,0.019908122144308354,0.008122056198534039,0.4231904814508226,0.6421590456326802,0.28113942311339907,1.1201727934943304,5.799362957170275,0.0,1.4079988729900783,0.1364832284649213,343.79693333333336,5.583157035319011
97,60.06395,0.016989677014946938,0.007613190191239119,0.4255462888240814,0.6526539667129516,0.2834378100156784,1.126633706855774,5.80366960067749,0.0,1.385389912223816,0.1408098076224327,352.5688,5.5838014602661135,58.88315,0.01965230819698837,0.00811358245420787,0.4231648770809174,0.644320206589169,0.2793426020277871,1.1215725863774617,5.793853560892741,0.0,1.4019707770877414,0.1355892588906818,345.7642222222222,5.5785623973422584
98,59.41845,0.01715531673580408,0.007497933460026979,0.42516753034591676,0.6335704202651977,0.29044363775253296,1.1171126302719117,5.82396901550293,0.0,1.415480874824524,0.14337858080863952,350.5672,5.601819443511963,59.014966666666666,0.019680408111214638,0.00810750970741113,0.4231535812060038,0.6481130487336053,0.2775975104861789,1.1230211838616264,5.7929365797254775,0.0,1.398713222694397,0.13384697423444855,347.26702222222224,5.579401548936632
99,60.49225,0.016243283078074454,0.007568276079744101,0.4254827262401581,0.6559575046539307,0.2814389175653458,1.1291262634277344,5.825839156341552,0.0,1.3833058555603028,0.1463430811047554,362.1452,5.60053712310791,59.04618333333333,0.019604053334229522,0.00815551264261206,0.42297484930356344,0.6470928633054097,0.2779410386880239,1.1228979008144802,5.794747930230034,0.0,1.4002619217978582,0.13395471077892515,347.04466666666667,5.581035964796278
100,60.1444,0.016865485468506813,0.007781451877206564,0.42433093433380126,0.641791955280304,0.29110359082221987,1.122134708595276,5.814150564575195,0.0,1.3917062026977538,0.1417059469819069,355.7912,5.593232067108154,59.00819444444444,0.019696187607778443,0.008133587800545825,0.4230641952726576,0.645984501086341,0.27760626200040184,1.1219805521435209,5.792894235653347,0.0,1.4015659064186945,0.13451061216923926,345.9602222222222,5.578656814744737
